herbarios,status,inicio,fim,participantes,formato,titulo,detalhes
INPA,realizado,,,20,presencial,,
COAH,realizado,,,12,presencial,,
UFRR,realizado,,,11,presencial,,
HUTI;QCNE,realizado,,,15,presencial,,
MG,realizado,,,15,presencial,,
UFPA,realizado,,,4,presencial,,ERBOT Norte · curso extra (SpectraPop + HerbSpectra-Amazônia)
IDSM,realizado,,,10,presencial,,SpectraPop + HerbSpectra-Amazônia
UFACPZ,realizado,,,14,presencial,,
,realizado,2026-07-28,2026-07-30,,online,1º Curso Teórico Online – Espectroscopia em herbário com NIR portátil,Ministrante: Dra. Flávia Durgante (INPA)
LPB,andamento,2026-10,,11,presencial,,
HSTM,previsto,,,,presencial,,
TKN,previsto,,,,presencial,,
