nome,grupo,instituicao,pais,papel_pt,papel_es,papel_en,papel_de,lattes,orcid
Flávia Machado Durgante,coordenacao,INPA · Grupo MAUA,BR,Coordenadora geral,Coordinadora general,General coordinator,Gesamtkoordination,http://lattes.cnpq.br/9866263113578229,
Michael John Gilbert Hopkins,coordenacao,INPA,BR,Vice-coordenador · Curador do Herbário INPA,Vicecoordinador · Curador del Herbario INPA,Deputy coordinator · Curator of the INPA Herbarium,Stellv. Koordinator · Kurator des Herbariums INPA,http://lattes.cnpq.br/5738793047673962,
Henrique dos Santos Pereira,comite,INPA,BR,Diretor do INPA,Director del INPA,Director of INPA,Direktor des INPA,http://lattes.cnpq.br/1352117560279931,
Alberto Vicentini,comite,INPA,BR,,,,,http://lattes.cnpq.br/1416853089847332,
Jochen Schöngart,comite,INPA,BR,,,,,http://lattes.cnpq.br/2468979908831549,
Maria Teresa Fernandez Piedade,comite,INPA,BR,,,,,http://lattes.cnpq.br/0626509177712805,
Florian Karl Wittmann,comite,Karlsruhe Institute of Technology,DE,,,,,http://lattes.cnpq.br/5130662662509830,
Jeannine Cavender-Bares,comite,Harvard University,US,Diretora dos Harvard University Herbaria,Directora de los Harvard University Herbaria,Director of the Harvard University Herbaria,Direktorin der Harvard University Herbaria,http://lattes.cnpq.br/4161438785779985,
Lúcia Garcez Lohmann,comite,Missouri Botanical Garden,US,,,,,http://lattes.cnpq.br/3340828165410597,
Hanna Tuomisto,comite,Aarhus University,DK,,,,,http://lattes.cnpq.br/7130554253979587,
Tiago Martinuzzi Buriol,comite,UFSM,BR,,,,,http://lattes.cnpq.br/5437721454089032,
José Eduardo Meireles,comite,University of Maine,US,Curador do Herbário da UMaine,Curador del Herbario de UMaine,Curator of the UMaine Herbarium,Kurator des Herbariums der UMaine,http://lattes.cnpq.br/4519509282820456,
André dos Santos Bragança Gil,curadoria,MPEG,BR,Curador do Herbário MG,Curador del Herbario MG,Curator of the MG Herbarium,Kurator des Herbariums MG,http://lattes.cnpq.br/4874787664520093,
Aline Matos de Souza,curadoria,UFOPA,BR,Curadora do Herbário HSTM,Curadora del Herbario HSTM,Curator of the HSTM Herbarium,Kuratorin des Herbariums HSTM,http://lattes.cnpq.br/2445831031501609,
Diego Rafael Gonzaga,curadoria,UFOPA,BR,Vice-coordenador do Herbário HSTM,Vicecoordinador del Herbario HSTM,Deputy coordinator of the HSTM Herbarium,Stellv. Leiter des Herbariums HSTM,http://lattes.cnpq.br/5614775362253983,
Amélia Carlos Tuler,curadoria,UFRR,BR,Curadora do Herbário UFRR,Curadora del Herbario UFRR,Curator of the UFRR Herbarium,Kuratorin des Herbariums UFRR,http://lattes.cnpq.br/8559401950876177,
Almecina Balbino Ferreira,curadoria,UFAC,BR,Curadora do Herbário UFACPZ,Curadora del Herbario UFACPZ,Curator of the UFACPZ Herbarium,Kuratorin des Herbariums UFACPZ,http://lattes.cnpq.br/8455498171866853,
Wilson Dario Rodriguez Duque,curadoria,SINCHI,CO,Curador do Herbário COAH,Curador del Herbario COAH,Curator of the COAH Herbarium,Kurator des Herbariums COAH,http://lattes.cnpq.br/6217119278129501,
Nora H. Oleas,curadoria,Universidad Tecnológica Indoamérica,EC,Curadora do Herbário HUTI,Curadora del Herbario HUTI,Curator of the HUTI Herbarium,Kuratorin des Herbariums HUTI,http://lattes.cnpq.br/2803104955666199,
Marcia Peñafiel Cevallos,curadoria,INABIO,EC,Herbário QCNE,Herbario QCNE,QCNE Herbarium,Herbarium QCNE,http://lattes.cnpq.br/5419983940417505,
Carla Maldonado Goyzueta,curadoria,UMSA,BO,Curadora do Herbario Nacional de Bolivia (LPB),Curadora del Herbario Nacional de Bolivia (LPB),Curator of the National Herbarium of Bolivia (LPB),Kuratorin des Nationalherbariums Boliviens (LPB),http://lattes.cnpq.br/0086332094081154,
Jaime Ivan Rodriguez Fernandez,curadoria,UMSA,BO,Herbario Nacional de Bolivia (LPB),Herbario Nacional de Bolivia (LPB),National Herbarium of Bolivia (LPB),Nationalherbarium Boliviens (LPB),http://lattes.cnpq.br/3184604360926387,
Pablo Juan Franco León,curadoria,UNJBG,PE,Herbário TKN,Herbario TKN,TKN Herbarium,Herbarium TKN,http://lattes.cnpq.br/9212613363105204,
Caroline da Cruz Vasconcelos,tecnica,INPA,BR,,,,,http://lattes.cnpq.br/1535461703335857,
Samyra Ramos Chaves,tecnica,INPA,BR,,,,,http://lattes.cnpq.br/1333559162162849,
Kaio César Marinho da Cunha,tecnica,INPA,BR,,,,,http://lattes.cnpq.br/2664299098538335,
Maria Clara Abreu Mota de Oliveira Ramos Ferro,tecnica,INPA,BR,,,,,http://lattes.cnpq.br/8490385946321507,
Luiz Henrique Sampaio de Melo,tecnica,INPA,BR,,,,,http://lattes.cnpq.br/0848738423393318,
Hilana Louise Hadlich,tecnica,INPA,BR,,,,,http://lattes.cnpq.br/2228944258807319,
Izailene Monteiro Saar Botelho,tecnica,UFAC,BR,,,,,http://lattes.cnpq.br/3608600451755381,
Ricardo de Oliveira Perdiz,tecnica,UFRR,BR,,,,,http://lattes.cnpq.br/2115845365136873,
Caroline Lorenci Mallmann,tecnica,UFSM,BR,,,,,http://lattes.cnpq.br/2812901246354210,
Marisabel Ureta Adrianzén,tecnica,UNJBG,PE,,,,,http://lattes.cnpq.br/7808043600173548,
Dirce Leimi Komura,colaboracao,INPA,BR,,,,,http://lattes.cnpq.br/3573059727962827,
Mariana Rabello Mesquita,colaboracao,INPA,BR,,,,,http://lattes.cnpq.br/7222183761365560,
Nory Daniel de Carvalho Erazo,colaboracao,INPA,BR,,,,,http://lattes.cnpq.br/6441178115920096,
Adriano Costa Quaresma,colaboracao,INPA,BR,,,,,http://lattes.cnpq.br/2454671020826461,
Layon Oreste Demarchi,colaboracao,INPA,BR,,,,,http://lattes.cnpq.br/2504309339279053,
Irving Foster Brown,colaboracao,Woodwell Climate Research Center,US,,,,,http://lattes.cnpq.br/6872847162199767,
Júlia Gomes da Silva,colaboracao,UFAC,BR,,,,,http://lattes.cnpq.br/8408460599209187,
Rodrigo Ferreira Fadini,colaboracao,UFOPA,BR,,,,,http://lattes.cnpq.br/6712756525504898,
Ana Sofia Sousa de Holanda,colaboracao,UFOPA,BR,,,,,http://lattes.cnpq.br/2296405936026114,
Deliane Vieira Penha de Oliveira,colaboracao,UFOPA,BR,,,,,http://lattes.cnpq.br/6104530707833658,
Javier Máximo Ignacio Apaza,colaboracao,UNJBG,PE,,,,,http://lattes.cnpq.br/5491100202724339,
J. Sebastián Tello,colaboracao,Missouri Botanical Garden,US,,,,,http://lattes.cnpq.br/8860335701795550,
Jessica Lira Viana,colaboracao,Aarhus University,DK,,,,,http://lattes.cnpq.br/4584680247325972,
Dawson Martin White,colaboracao,Harvard University,US,,,,,http://lattes.cnpq.br/0311252863270363,
