arquivo,destaque,legenda_pt,legenda_es,legenda_en,legenda_de
01-la-paz-lpb-turma.jpg,sim,"La Paz, Bolívia · turma no Herbario Nacional de Bolivia (LPB), out. 2026","La Paz, Bolivia · grupo en el Herbario Nacional de Bolivia (LPB), oct. 2026","La Paz, Bolivia · the class at the National Herbarium of Bolivia (LPB), Oct 2026","La Paz, Bolivien · Kursgruppe am Nationalherbarium Boliviens (LPB), Okt. 2026"
02-la-paz-lpb-leitura.jpg,,"La Paz, Bolívia · leitura de exsicatas no Herbario Nacional de Bolivia (LPB), out. 2026","La Paz, Bolivia · lectura de exsicatas en el Herbario Nacional de Bolivia (LPB), oct. 2026","La Paz, Bolivia · measuring specimens at the National Herbarium of Bolivia (LPB), Oct 2026","La Paz, Bolivien · Messung von Herbarbelegen im Nationalherbarium Boliviens (LPB), Okt. 2026"
03-la-paz-congresso.jpg,,"La Paz, Bolívia · apresentação da rede no VI Congreso Boliviano de Botánica","La Paz, Bolivia · presentación de la red en el VI Congreso Boliviano de Botánica","La Paz, Bolivia · presenting the network at the 6th Bolivian Botany Congress","La Paz, Bolivien · Vorstellung des Netzwerks auf dem VI. Bolivianischen Botanikkongress"
04-bogota-sinchi-turma.jpg,sim,"Bogotá, Colômbia · turma no Instituto SINCHI (Herbário COAH)","Bogotá, Colombia · grupo en el Instituto SINCHI (Herbario COAH)","Bogotá, Colombia · the class at the SINCHI Institute (COAH Herbarium)","Bogotá, Kolumbien · Kursgruppe am SINCHI-Institut (Herbarium COAH)"
05-bogota-sinchi-leitura.jpg,,"Bogotá, Colômbia · leitura de exsicatas no Herbário COAH","Bogotá, Colombia · lectura de exsicatas en el Herbario COAH","Bogotá, Colombia · measuring specimens at the COAH Herbarium","Bogotá, Kolumbien · Messung von Herbarbelegen im Herbarium COAH"
06-quito-inabio-turma.jpg,sim,"Quito, Equador · turma no INABIO (Herbário QCNE)","Quito, Ecuador · grupo en el INABIO (Herbario QCNE)","Quito, Ecuador · the class at INABIO (QCNE Herbarium)","Quito, Ecuador · Kursgruppe am INABIO (Herbarium QCNE)"
07-quito-inabio-leitura.jpg,,"Quito, Equador · primeiras leituras no Herbário QCNE","Quito, Ecuador · primeras lecturas en el Herbario QCNE","Quito, Ecuador · first readings at the QCNE Herbarium","Quito, Ecuador · erste Messungen im Herbarium QCNE"
08-boa-vista-ufrr-turma.jpg,sim,Boa Vista (RR) · turma na Universidade Federal de Roraima,Boa Vista (RR) · grupo en la Universidad Federal de Roraima,Boa Vista (RR) · the class at the Federal University of Roraima,Boa Vista (RR) · Kursgruppe an der Bundesuniversität Roraima
09-boa-vista-ufrr-leitura.jpg,,Boa Vista (RR) · leituras no Herbário UFRR,Boa Vista (RR) · lecturas en el Herbario UFRR,Boa Vista (RR) · readings at the UFRR Herbarium,Boa Vista (RR) · Messungen im Herbarium UFRR
10-rio-branco-ufac-turma.jpg,,Rio Branco (AC) · turma na Universidade Federal do Acre,Rio Branco (AC) · grupo en la Universidad Federal de Acre,Rio Branco (AC) · the class at the Federal University of Acre,Rio Branco (AC) · Kursgruppe an der Bundesuniversität Acre
11-rio-branco-ufac-leitura.jpg,,Rio Branco (AC) · leitura de exsicatas com o espectrômetro portátil,Rio Branco (AC) · lectura de exsicatas con el espectrómetro portátil,Rio Branco (AC) · measuring specimens with the portable spectrometer,Rio Branco (AC) · Messung von Herbarbelegen mit dem tragbaren Spektrometer
12-belem-mg-turma.jpg,,Belém (PA) · turma no Museu Paraense Emílio Goeldi (Herbário MG),Belém (PA) · grupo en el Museo Paraense Emílio Goeldi (Herbario MG),Belém (PA) · the class at the Museu Paraense Emílio Goeldi (MG Herbarium),Belém (PA) · Kursgruppe am Museu Paraense Emílio Goeldi (Herbarium MG)
13-belem-mg-leitura.jpg,,Belém (PA) · leitura de exsicatas no Herbário MG,Belém (PA) · lectura de exsicatas en el Herbario MG,Belém (PA) · measuring specimens at the MG Herbarium,Belém (PA) · Messung von Herbarbelegen im Herbarium MG
14-belem-erbot-turma.jpg,,"Belém (PA) · equipe no ERBOT Norte, UFPA (SpectraPop e HerbSpectra-Amazônia)","Belém (PA) · equipo en el ERBOT Norte, UFPA (SpectraPop y HerbSpectra-Amazonía)","Belém (PA) · the team at ERBOT Norte, UFPA (SpectraPop and HerbSpectra-Amazon)","Belém (PA) · das Team beim ERBOT Norte, UFPA (SpectraPop und HerbSpectra-Amazonien)"
15-belem-erbot-sala.jpg,,"Belém (PA) · curso extra no ERBOT Norte, UFPA","Belém (PA) · curso extra en el ERBOT Norte, UFPA","Belém (PA) · extra course at ERBOT Norte, UFPA","Belém (PA) · Zusatzkurs beim ERBOT Norte, UFPA"
16-tefe-idsm-turma.jpg,,Tefé (AM) · turma no Instituto Mamirauá (SpectraPop e HerbSpectra-Amazônia),Tefé (AM) · grupo en el Instituto Mamirauá (SpectraPop y HerbSpectra-Amazonía),Tefé (AM) · the class at the Mamirauá Institute (SpectraPop and HerbSpectra-Amazon),Tefé (AM) · Kursgruppe am Mamirauá-Institut (SpectraPop und HerbSpectra-Amazonien)
17-tefe-idsm-leitura.jpg,,Tefé (AM) · leitura de exsicatas no Instituto Mamirauá,Tefé (AM) · lectura de exsicatas en el Instituto Mamirauá,Tefé (AM) · measuring specimens at the Mamirauá Institute,Tefé (AM) · Messung von Herbarbelegen am Mamirauá-Institut
18-manaus-inpa-workshop.jpg,,"Manaus (AM) · equipe no Workshop Franco-Brasileiro “Botânica do Futuro”, organizado pelo INPA e pelo Centro Franco-Brasileiro de Biodiversidade Amazônica (CFBBA), jun. 2026","Manaos (AM) · el equipo en el Taller Franco-Brasileño “Botánica del Futuro”, organizado por el INPA y el Centro Franco-Brasileño de Biodiversidad Amazónica (CFBBA), jun. 2026","Manaus (AM) · the team at the French-Brazilian Workshop “Botany of the Future”, organised by INPA and the French-Brazilian Centre for Amazonian Biodiversity (CFBBA), Jun 2026","Manaus (AM) · das Team beim Französisch-Brasilianischen Workshop „Botanik der Zukunft“, organisiert vom INPA und dem Französisch-Brasilianischen Zentrum für Amazonische Biodiversität (CFBBA), Juni 2026"
19-manaus-inpa-equipe.jpg,,Manaus (AM) · atualização da equipe no Herbário INPA,Manaos (AM) · actualización del equipo en el Herbario INPA,Manaus (AM) · team refresher at the INPA Herbarium,Manaus (AM) · Auffrischungskurs des Teams im Herbarium INPA
20-manaus-inpa-bolsistas.jpg,,Manaus (AM) · treinamento de novos bolsistas no Herbário INPA,Manaos (AM) · capacitación de nuevos becarios en el Herbario INPA,Manaus (AM) · training new fellows at the INPA Herbarium,Manaus (AM) · Schulung neuer Stipendiat:innen im Herbarium INPA
21-saint-louis-iherbspec.jpg,,"Saint Louis, EUA · Flávia Durgante no encontro do grupo IHerbSpec no Missouri Botanical Garden","Saint Louis, EE. UU. · Flávia Durgante en la reunión del grupo IHerbSpec en el Missouri Botanical Garden","Saint Louis, USA · Flávia Durgante at the IHerbSpec group meeting at the Missouri Botanical Garden","Saint Louis, USA · Flávia Durgante beim Treffen der IHerbSpec-Gruppe im Missouri Botanical Garden"
22-reuniao-online-rede.jpg,,Reunião online da rede HerbSpectra-Amazônia,Reunión en línea de la red HerbSpectra-Amazonía,Online meeting of the HerbSpectra-Amazon network,Online-Treffen des Netzwerks HerbSpectra-Amazonien
23-curvas-espectrais.jpg,,Curvas espectrais de exsicatas analisadas durante um curso,Curvas espectrales de exsicatas analizadas durante un curso,Spectral curves of specimens analysed during a course,"Spektralkurven von Herbarbelegen, ausgewertet während eines Kurses"
24-espectrometro-nir.jpg,,O espectrômetro NIR portátil usado nas oficinas,El espectrómetro NIR portátil usado en los talleres,The portable NIR spectrometer used in the workshops,"Das tragbare NIR-Spektrometer, das in den Workshops verwendet wird"
